Line	DBS1	DBS2	DBS3	DBS4	DBS5	DBS6	DBS7	DBS8	DBS9	DBS10	DBS11
Control	0	0	0.3064926767065584	0	0	0	0	0	0.36568184531388104	0	0.22255041410768436
E287fs	0	0	0.1637195060090237	0.17533590363419282	0	0	0.19446103108126317	0	0.13819880984846175	0.060206944236793083	0.2680778051902655
R112*	0	0	0.35651125301221454	0.14241131580265823	0	0	0	0	0.20904873748112354	0	0.24272603751224076
R150*	0	0	0.10412274385578003	0.16049232363624905	0	0	0.07870900343634013	0	0	0	0.5068906896537337
